id,title,body,department,sentiment
1,Problemi al check-in,"Ristorante nella norma, prezzi in linea.",F&B,neu
2,Problemi al check-in,"Pasti nella media, nulla di eccezionale o negativo.",F&B,neu
3,Colazione da dimenticare,"Servizio di pulizia regolare, senza particolari note. Lo staff era giovane e inesperto.",Housekeeping,neu
4,Camera impeccabile,"Mi hanno aiutato con grande disponibilità, tutto risolto rapidamente.",Housekeeping,pos
5,Colazione da dimenticare,"Ristorante nella norma, prezzi in linea.",Housekeeping,neu
6,Torneremo sicuramente,"Esperienza eccellente, staff sempre pronto ad aiutare. La posizione è centrale.",Reception,neg
7,Servizio eccellente!,"Consiglio questo posto. Servizio efficiente, staff preparato e prezzi onesti.",F&B,pos
8,Un disastro,"Cibo nella media, prezzi normali per la categoria.",F&B,neu
9,Delusione totale,"Reception funzionale, tempi di attesa accettabili. Il Wi-Fi era lento.",Reception,neu
10,Colazione da dimenticare,Tutto ok nel complesso. Niente di eccezionale ma nemmeno problemi particolari.,Reception,neg
11,Camera impeccabile,Tutto ok nel complesso. Niente di eccezionale ma nemmeno problemi particolari.,Housekeeping,neu
12,Colazione da dimenticare,"Soggiorno nella norma. Tutto funziona come dovrebbe, senza particolari sorprese.",F&B,neu
13,Delusione totale,"Mi hanno trattato con indifferenza, molto deluso dal risultato.",Housekeeping,neg
14,Delusione totale,"Stanza pulita, servizio nella norma.",Housekeeping,neu
15,Camera impeccabile,"Esperienza piacevole, tutto funziona bene e il personale è sempre disponibile.",F&B,neg
16,Delusione totale,"Stanza pulita, servizio nella norma.",Housekeeping,neu
17,Problemi al check-in,"Mi hanno ignorato completamente, servizio davvero scadente.",Reception,neg
18,Problemi al check-in,"Esperienza negativa, non tornerò più in questo posto.",Housekeeping,neg
19,Delusione totale,"Servizio lento, non sono riusciti a risolvere il problema.",Housekeeping,neg
20,Torneremo sicuramente,"Servizio rapido ed efficiente, sono rimasto molto soddisfatto.",Housekeeping,pos
21,Colazione da dimenticare,"Non sono rimasto soddisfatto. Staff disorganizzato, servizio lento e poca attenzione ai dettagli.",Housekeeping,pos
22,Camera impeccabile,Esperienza al di sotto delle aspettative. Personale poco disponibile e organizzazione scarsa.,Housekeeping,pos
23,Colazione da dimenticare,"Qualità accettabile, scelta adeguata.",F&B,neu
24,Servizio eccellente!,"Staff molto cortese, ho apprezzato l'attenzione ai dettagli.",Housekeeping,neg
25,Un disastro,"Camera ordinata, standard normale.",Housekeeping,neg
26,Colazione da dimenticare,"Cibo nella media, prezzi normali per la categoria. Vista mare molto bella.",F&B,neu
27,Colazione da dimenticare,"Mi hanno trattato con superficialità, sono rimasto molto deluso.",F&B,neg
28,Un disastro,"Check-out veloce, nulla da segnalare.",Reception,neu
29,Camera impeccabile,Esperienza standard. Servizio regolare e prezzi in linea con la categoria.,Housekeeping,neu
30,Delusione totale,"Staff impreparato, non sono riusciti a darmi informazioni.",Reception,neg
31,Delusione totale,"Personale scortese e poco professionale, sono rimasto deluso.",Reception,neg
32,Staff professionale,"Servizio veloce e staff sempre disponibile, esperienza piacevole.",F&B,pos
33,Servizio eccellente!,"Esperienza piacevole, tutto funziona bene e il personale è sempre disponibile.",F&B,pos
34,Camera impeccabile,"Soggiorno normale. Struttura adeguata, servizi nella media.",Housekeeping,neu
35,Problemi al check-in,"Poca professionalità dimostrata, standard davvero bassi. Il Wi-Fi era lento.",Reception,neg
36,Torneremo sicuramente,"Esperienza negativa, tutto gestito male e il personale sembra indifferente.",F&B,neg
37,Delusione totale,"Organizzazione scarsa, tutto gestito male e con poca cura. La posizione è centrale.",F&B,pos
38,Torneremo sicuramente,Esperienza standard. Servizio regolare e prezzi in linea con la categoria.,Housekeeping,neu
39,Delusione totale,"Non sono rimasto soddisfatto. Staff disorganizzato, servizio lento e poca attenzione ai dettagli.",Housekeeping,neg
40,Un disastro,"Colazione decente, tutto sommato ok. Vista mare molto bella.",F&B,neu
41,Delusione totale,"Colazione decente, tutto sommato ok. Il Wi-Fi era lento.",F&B,neu
42,Staff professionale,"Mi hanno assistito con professionalità, sono rimasto molto contento.",Reception,pos
43,Colazione da dimenticare,"Esperienza negativa, non tornerò più in questo posto.",Housekeeping,neg
44,Delusione totale,"Mi hanno trattato male, esperienza davvero spiacevole.",Reception,neg
45,Problemi al check-in,"Personale poco disponibile, servizio davvero scadente complessivamente.",Reception,neg
46,Colazione da dimenticare,"Mi hanno trattato con superficialità, sono rimasto molto deluso. Vista mare molto bella.",F&B,neg
47,Problemi al check-in,"Mi hanno ignorato completamente, servizio davvero scadente.",Reception,neg
48,Torneremo sicuramente,"Bella esperienza, personale cordiale e attento. Tutto gestito con professionalità.",Reception,neg
49,Colazione da dimenticare,"Personale poco disponibile, servizio davvero scadente complessivamente.",F&B,neg
50,Un disastro,"Staff scortese, mi hanno fatto sentire a disagio.",Housekeeping,neg
51,Staff professionale,"Camera pulitissima e profumata, ottimo lavoro. Vista mare molto bella.",Housekeeping,pos
52,Torneremo sicuramente,"Mi hanno seguito passo passo, risultato finale soddisfacente.",Reception,pos
53,Un disastro,"Molto soddisfatto del soggiorno. Staff competente, tutto organizzato bene e servizio di qualità.",F&B,pos
54,Camera impeccabile,Esperienza al di sotto delle aspettative. Personale poco disponibile e organizzazione scarsa.,Housekeeping,neg
55,Servizio eccellente!,Esperienza deludente nel complesso. Il personale sembra poco motivato e il servizio è carente.,F&B,neg
56,Delusione totale,"Bella esperienza, personale cordiale e attento. Tutto gestito con professionalità.",Housekeeping,pos
57,Delusione totale,"Mi hanno fatto aspettare troppo, qualità sotto le aspettative.",F&B,pos
58,Torneremo sicuramente,"Camera pulitissima e profumata, ottimo lavoro.",Housekeeping,neg
59,Colazione da dimenticare,"Pulizia adeguata, niente da eccepire. Il Wi-Fi era lento.",Reception,neu
60,Prezzo e qualità non si incontrano,Esperienza deludente nel complesso. Il personale sembra poco motivato e il servizio è carente.,Reception,neg
61,Servizio eccellente!,"Mi hanno seguito con cura, risultato finale eccellente.",Housekeeping,pos
62,Camera impeccabile,"Molto soddisfatto del soggiorno. Staff competente, tutto organizzato bene e servizio di qualità.",Housekeeping,pos
63,Problemi al check-in,"Check-out veloce, nulla da segnalare.",Reception,neu
64,Colazione da dimenticare,"Personale corretto, servizio nella norma.",Reception,neu
65,Problemi al check-in,"Esperienza negativa, non tornerò più in questo posto.",Housekeeping,pos
66,Delusione totale,"Personale poco disponibile, servizio davvero scadente complessivamente.",F&B,pos
67,Torneremo sicuramente,"Soggiorno normale. Struttura adeguata, servizi nella media.",F&B,neu
68,Un disastro,"Non lo consiglio. Servizio scadente, staff poco preparato e prezzi troppo alti.",F&B,neg
69,Prezzo e qualità non si incontrano,Esperienza standard. Servizio regolare e prezzi in linea con la categoria.,Reception,neu
70,Colazione da dimenticare,"Servizio lento, non sono riusciti a risolvere il problema. L'arredamento è datato.",Housekeeping,neg
71,Problemi al check-in,"Esperienza negativa, tutto gestito male e il personale sembra indifferente.",F&B,neg
72,Delusione totale,"Consiglio questo posto. Servizio efficiente, staff preparato e prezzi onesti.",Housekeeping,neg
73,Un disastro,"Accoglienza normale, come da aspettative.",Reception,neu
74,Problemi al check-in,"Personale scortese e poco professionale, sono rimasto deluso.",Reception,neg
75,Un disastro,"Servizio regolare, niente di particolare.",Reception,neu
76,Staff professionale,"Ottima organizzazione, tutto funziona come dovrebbe funzionare.",Housekeeping,pos
77,Camera impeccabile,Esperienza complessivamente positiva. Il personale è stato gentile e disponibile in ogni situazione.,Reception,pos
78,Prezzo e qualità non si incontrano,Esperienza deludente nel complesso. Il personale sembra poco motivato e il servizio è carente.,Housekeeping,neg
79,Un disastro,Esperienza deludente nel complesso. Il personale sembra poco motivato e il servizio è carente.,F&B,neg
80,Staff professionale,"Mi hanno assistito con professionalità, sono rimasto molto contento.",Reception,pos
81,Colazione da dimenticare,"Pulizia sufficiente, come ci si aspetta. I prezzi sono nella media.",Housekeeping,neu
82,Servizio eccellente!,"Soggiorno normale. Struttura adeguata, servizi nella media.",Reception,neg
83,Camera impeccabile,"Esperienza piacevole, tutto funziona bene e il personale è sempre disponibile.",Housekeeping,neg
84,Staff professionale,"Mi hanno aiutato con grande disponibilità, tutto risolto rapidamente.",Housekeeping,pos
85,Delusione totale,"Organizzazione pessima, tutto gestito con superficialità evidente.",Reception,pos
86,Servizio eccellente!,"Non sono rimasto soddisfatto. Staff disorganizzato, servizio lento e poca attenzione ai dettagli.",F&B,pos
87,Un disastro,"Servizio lento e staff disorganizzato, esperienza deludente.",F&B,neg
88,Camera impeccabile,"Organizzazione perfetta, hanno gestito tutto con professionalità.",F&B,pos
89,Problemi al check-in,"Esperienza negativa, non tornerò più in questo posto.",Housekeeping,pos
90,Problemi al check-in,"Molto soddisfatto del soggiorno. Staff competente, tutto organizzato bene e servizio di qualità.",Reception,pos
91,Torneremo sicuramente,"Servizio rapido ed efficiente, sono rimasto molto soddisfatto.",Housekeeping,pos
92,Delusione totale,"Molto soddisfatto del soggiorno. Staff competente, tutto organizzato bene e servizio di qualità.",Housekeeping,pos
93,Colazione da dimenticare,"Poca professionalità dimostrata, standard davvero bassi. Vista mare molto bella.",Reception,neg
94,Delusione totale,"Pulizia adeguata, niente da eccepire.",Housekeeping,neg
95,Prezzo e qualità non si incontrano,Esperienza deludente nel complesso. Il personale sembra poco motivato e il servizio è carente.,Reception,pos
96,Staff professionale,"Mi hanno aiutato con grande disponibilità, tutto risolto rapidamente. Buona la piscina.",Housekeeping,pos
97,Delusione totale,"Staff scortese, mi hanno fatto sentire a disagio.",Housekeeping,neg
98,Servizio eccellente!,"Tutto ok, esperienza nella media senza particolari problemi. Parcheggio difficile da trovare.",F&B,pos
99,Delusione totale,"Servizio regolare, niente di particolare.",Housekeeping,neu
100,Delusione totale,"Esperienza negativa, staff indifferente ai clienti.",F&B,neg
101,Colazione da dimenticare,"Accoglienza normale, come da aspettative.",Reception,neu
102,Problemi al check-in,"Organizzazione scarsa, tutto gestito male e con superficialità. Vista mare molto bella.",Housekeeping,neg
103,Colazione da dimenticare,"Organizzazione scarsa, tutto gestito male e con poca cura.",F&B,neg
104,Problemi al check-in,"Servizio standard, tutto ok.",Reception,neu
105,Staff professionale,"Staff preparato e disponibile, esperienza molto positiva. Lo staff era giovane e inesperto.",Reception,neg
106,Colazione da dimenticare,"Mi hanno trattato male, esperienza davvero spiacevole.",Reception,neg
107,Servizio eccellente!,"Personale cordiale e attento, servizio davvero di qualità. Il Wi-Fi era lento.",Reception,pos
108,Delusione totale,"Pulizia adeguata, niente da eccepire.",Housekeeping,neu
109,Problemi al check-in,"Organizzazione scarsa, tutto gestito male e con poca cura.",F&B,pos
110,Servizio eccellente!,"Mi hanno seguito con cura, risultato finale eccellente. La posizione è centrale.",Housekeeping,neg
111,Servizio eccellente!,"Personale gentile e competente, hanno gestito tutto perfettamente.",Housekeeping,pos
112,Un disastro,Esperienza al di sotto delle aspettative. Personale poco disponibile e organizzazione scarsa.,F&B,neg
113,Torneremo sicuramente,"Organizzazione perfetta, hanno gestito tutto con professionalità.",F&B,pos
114,Problemi al check-in,"Personale poco attento, mi hanno servito con superficialità. La posizione è centrale.",F&B,pos
115,Delusione totale,"Personale corretto, servizio nella norma.",Reception,neg
116,Staff professionale,"Mi hanno aiutato con grande disponibilità, tutto risolto rapidamente.",Housekeeping,pos
117,Un disastro,"Qualità accettabile, scelta adeguata.",F&B,neu
118,Delusione totale,"Camera ordinata, standard normale.",Reception,neu
119,Un disastro,"Molto soddisfatto del soggiorno. Staff competente, tutto organizzato bene e servizio di qualità.",F&B,pos
120,Camera impeccabile,"Consiglio questo posto. Servizio efficiente, staff preparato e prezzi onesti.",Housekeeping,pos
121,Torneremo sicuramente,"Staff molto cortese, ho apprezzato l'attenzione ai dettagli.",Housekeeping,neg
122,Staff professionale,"Servizio veloce ed efficiente, tutto risolto senza problemi.",Reception,neg
123,Delusione totale,"Staff scortese, mi hanno fatto sentire a disagio. Buona la piscina.",Housekeeping,pos
124,Problemi al check-in,"Servizio lento e disorganizzato, nessuno sapeva cosa fare. Buona la piscina.",Reception,neg
125,Delusione totale,"Mi hanno trattato male, esperienza davvero spiacevole. Struttura un po' rumorosa.",Reception,neg
126,Servizio eccellente!,"Tutto ok, esperienza nella media senza particolari problemi.",F&B,neg
127,Delusione totale,"Personale poco disponibile, esperienza frustrante complessivamente.",Housekeeping,neg
128,Colazione da dimenticare,"Pulizia adeguata, niente da eccepire.",Housekeeping,neu
129,Un disastro,"Servizio standard, tutto ok.",F&B,neu
130,Un disastro,"Esperienza negativa, staff indifferente ai miei problemi.",Reception,pos
131,Camera impeccabile,"Mi hanno aiutato con grande disponibilità, tutto risolto rapidamente. Parcheggio difficile da trovare.",Housekeeping,pos
132,Un disastro,"Reception funzionale, tempi di attesa accettabili.",Housekeeping,neu
133,Un disastro,"Reception funzionale, tempi di attesa accettabili.",Reception,neu
134,Camera impeccabile,"Camera pulitissima e profumata, ottimo lavoro.",Housekeeping,pos
135,Staff professionale,"Mi hanno aiutato con grande disponibilità, tutto risolto rapidamente.",Housekeeping,pos
136,Colazione da dimenticare,"Qualità accettabile, scelta adeguata.",F&B,neu
137,Problemi al check-in,"Stanza pulita, servizio nella norma.",Housekeeping,neu
138,Colazione da dimenticare,"Servizio lento e disorganizzato, nessuno sapeva cosa fare.",Reception,neg
139,Delusione totale,"Ristorante nella norma, prezzi in linea. La posizione è centrale.",F&B,neu
140,Camera impeccabile,Tutto ok nel complesso. Niente di eccezionale ma nemmeno problemi particolari.,Housekeeping,neu
141,Colazione da dimenticare,"Camera pulita, niente di particolare da segnalare.",Housekeeping,neg
142,Problemi al check-in,"Colazione decente, tutto sommato ok.",F&B,neu
143,Camera impeccabile,"Servizio veloce ed efficiente, tutto risolto senza problemi.",Reception,pos
144,Servizio eccellente!,"Tutto ok, esperienza nella media senza particolari problemi.",F&B,pos
145,Camera impeccabile,"Tutto ok, esperienza nella media senza particolari problemi.",F&B,pos
146,Camera impeccabile,"Esperienza eccellente, staff sempre pronto ad aiutare. Il Wi-Fi era lento.",Reception,neg
147,Torneremo sicuramente,"Esperienza eccellente, staff sempre pronto ad aiutare. Parcheggio difficile da trovare.",Reception,pos
148,Colazione da dimenticare,"Ristorante nella norma, prezzi in linea.",F&B,neu
149,Un disastro,"Standard di pulizia accettabile, nella media. La posizione è centrale.",Housekeeping,neu
150,Torneremo sicuramente,"Soggiorno nella norma. Tutto funziona come dovrebbe, senza particolari sorprese.",Housekeeping,neu
151,Problemi al check-in,"Cibo nella media, prezzi normali per la categoria.",F&B,neu
152,Staff professionale,"Servizio veloce ed efficiente, tutto risolto senza problemi.",Reception,pos
153,Un disastro,"Esperienza negativa, staff indifferente ai miei problemi.",Reception,neg
154,Delusione totale,"Pulizia sufficiente, come ci si aspetta.",Housekeeping,neu
155,Camera impeccabile,"Mi hanno assistito con professionalità, sono rimasto molto contento.",Reception,pos
156,Colazione da dimenticare,"Camera in ordine, tutto funzionale. Parcheggio difficile da trovare.",Housekeeping,neu
157,Colazione da dimenticare,"Personale poco attento, mi hanno servito con superficialità.",F&B,neg
158,Servizio eccellente!,"Personale cordiale e attento, servizio davvero di qualità.",Housekeeping,pos
159,Un disastro,"Colazione decente, tutto sommato ok.",F&B,neg
160,Servizio eccellente!,"Molto soddisfatto del soggiorno. Staff competente, tutto organizzato bene e servizio di qualità.",Reception,neg
161,Delusione totale,"Servizio lento, non sono riusciti a risolvere il problema. La posizione è centrale.",F&B,neg
162,Servizio eccellente!,"Esperienza eccellente, staff sempre pronto ad aiutare.",Reception,pos
163,Un disastro,"Servizio lento e disorganizzato, nessuno sapeva cosa fare. Parcheggio difficile da trovare.",Reception,neg
164,Colazione da dimenticare,"Esperienza negativa, non tornerò più in questo posto.",Housekeeping,neg
165,Problemi al check-in,"Qualità accettabile, scelta adeguata. Struttura un po' rumorosa.",F&B,neu
166,Delusione totale,"Mi hanno fatto aspettare troppo, qualità sotto le aspettative.",F&B,pos
167,Colazione da dimenticare,"Servizio lento e staff disorganizzato, esperienza deludente.",F&B,neg
168,Delusione totale,"Camera pulita, niente di particolare da segnalare.",Housekeeping,neu
169,Colazione da dimenticare,"Check-in regolare, senza particolari problemi. Vista mare molto bella.",Reception,neg
170,Un disastro,"Servizio standard, tutto ok.",Reception,neu
171,Colazione da dimenticare,"Mi hanno trattato con superficialità, sono rimasto molto deluso.",F&B,neg
172,Torneremo sicuramente,"Staff preparato e gentile, tutto servito con grande cura.",Reception,pos
173,Un disastro,"Check-out veloce, nulla da segnalare.",Reception,neu
174,Camera impeccabile,"Molto soddisfatto del soggiorno. Staff competente, tutto organizzato bene e servizio di qualità.",F&B,neg
175,Camera impeccabile,"Esperienza accettabile. Qualche aspetto positivo, qualche aspetto migliorabile.",F&B,neg
176,Delusione totale,"Mi hanno fatto aspettare troppo, qualità sotto le aspettative.",F&B,pos
177,Camera impeccabile,"Staff preparato e gentile, tutto servito con grande cura.",F&B,pos
178,Camera impeccabile,"Staff molto cortese, ho apprezzato l'attenzione ai dettagli.",Housekeeping,pos
179,Un disastro,"Camera in ordine, tutto funzionale.",Housekeeping,neu
180,Colazione da dimenticare,"Cibo nella media, prezzi normali per la categoria.",F&B,neu
181,Camera impeccabile,"Organizzazione perfetta, hanno gestito tutto con grande competenza.",Reception,pos
182,Delusione totale,"Reception funzionale, tempi di attesa accettabili.",Reception,neg
183,Problemi al check-in,"Soggiorno nella norma. Tutto funziona come dovrebbe, senza particolari sorprese.",F&B,neu
184,Problemi al check-in,"Personale poco disponibile, esperienza frustrante complessivamente.",Housekeeping,pos
185,Un disastro,"Servizio di pulizia regolare, senza particolari note.",Housekeeping,neg
186,Delusione totale,"Organizzazione pessima, tutto gestito con superficialità evidente.",Reception,neg
187,Camera impeccabile,"Personale attento ai dettagli, servizio davvero di livello.",F&B,pos
188,Torneremo sicuramente,"Grande professionalità dimostrata, esperienza davvero positiva.",Housekeeping,pos
189,Problemi al check-in,"Esperienza piacevole, tutto funziona bene e il personale è sempre disponibile.",F&B,neg
190,Colazione da dimenticare,"Esperienza negativa, staff indifferente ai clienti.",F&B,neg
191,Camera impeccabile,"Personale cordiale e attento, servizio davvero di qualità. Il Wi-Fi era lento.",Reception,pos
192,Camera impeccabile,"Servizio veloce ed efficiente, tutto risolto senza problemi. Struttura un po' rumorosa.",Reception,pos
193,Camera impeccabile,"Servizio veloce ed efficiente, tutto risolto senza problemi.",Reception,neg
194,Un disastro,"Esperienza piacevole, tutto funziona bene e il personale è sempre disponibile.",Reception,pos
195,Staff professionale,"Mi hanno seguito con cura, risultato finale eccellente.",Housekeeping,pos
196,Colazione da dimenticare,"Servizio lento e disorganizzato, nessuno sapeva cosa fare.",Reception,pos
197,Problemi al check-in,"Stanza pulita, servizio nella norma.",Housekeeping,neu
198,Delusione totale,"Personale poco disponibile, esperienza frustrante complessivamente. I prezzi sono nella media.",Reception,neg
199,Camera impeccabile,"Mi hanno seguito con cura, risultato finale eccellente.",Housekeeping,pos
200,Prezzo e qualità non si incontrano,Esperienza standard. Servizio regolare e prezzi in linea con la categoria.,Reception,neu
201,Colazione da dimenticare,"Esperienza piacevole, tutto funziona bene e il personale è sempre disponibile.",Reception,pos
202,Torneremo sicuramente,"Soggiorno normale. Struttura adeguata, servizi nella media.",F&B,neg
203,Torneremo sicuramente,"Personale molto cortese, mi hanno servito con grande attenzione.",F&B,pos
204,Staff professionale,"Staff preparato e disponibile, esperienza molto positiva.",Reception,pos
205,Torneremo sicuramente,Esperienza al di sotto delle aspettative. Personale poco disponibile e organizzazione scarsa.,F&B,neg
206,Un disastro,"Organizzazione scarsa, tutto gestito male e con poca cura.",F&B,neg
207,Delusione totale,"Personale poco gentile, mi hanno fatto aspettare inutilmente.",Reception,neg
208,Colazione da dimenticare,Esperienza complessivamente positiva. Il personale è stato gentile e disponibile in ogni situazione.,Reception,pos
209,Colazione da dimenticare,"Servizio lento, non sono riusciti a risolvere il problema.",Housekeeping,neg
210,Un disastro,"Personale poco gentile, mi hanno fatto aspettare inutilmente.",F&B,neg
211,Staff professionale,"Staff preparato e disponibile, esperienza molto positiva.",Reception,neg
212,Un disastro,"Organizzazione pessima, tutto gestito con superficialità evidente.",Reception,neg
213,Colazione da dimenticare,"Servizio di pulizia regolare, senza particolari note.",Housekeeping,neu
214,Staff professionale,"Personale gentile e competente, hanno gestito tutto perfettamente.",Housekeeping,pos
215,Un disastro,"Organizzazione scarsa, tutto gestito male e con superficialità.",Housekeeping,pos
216,Un disastro,"Esperienza negativa, staff indifferente ai clienti.",F&B,neg
217,Colazione da dimenticare,"Servizio lento, non sono riusciti a risolvere il problema.",Housekeeping,neg
218,Delusione totale,"Reception funzionale, tempi di attesa accettabili.",Reception,neg
219,Camera impeccabile,Tutto ok nel complesso. Niente di eccezionale ma nemmeno problemi particolari.,Housekeeping,neu
220,Staff professionale,"Personale attento ai dettagli, servizio davvero di livello.",F&B,pos
221,Problemi al check-in,"Organizzazione scarsa, tutto gestito male e con superficialità.",Housekeeping,neg
222,Servizio eccellente!,Esperienza standard. Servizio regolare e prezzi in linea con la categoria.,Housekeeping,neu
223,Staff professionale,"Esperienza standard, quello che ci si aspetta normalmente.",F&B,pos
224,Torneremo sicuramente,"Personale molto cortese, mi hanno servito con grande attenzione.",F&B,pos
225,Colazione da dimenticare,"Servizio lento e disorganizzato, nessuno sapeva cosa fare. Vista mare molto bella.",Reception,neg
226,Delusione totale,"Ho dovuto aspettare molto tempo, nessuno si è scusato.",Housekeeping,neg
227,Staff professionale,"Esperienza accettabile. Qualche aspetto positivo, qualche aspetto migliorabile.",F&B,neu
228,Torneremo sicuramente,"Esperienza negativa, tutto gestito male e il personale sembra indifferente.",Housekeeping,neg
229,Camera impeccabile,"Personale gentile e competente, hanno gestito tutto perfettamente.",Housekeeping,pos
230,Servizio eccellente!,"Staff molto cortese, ho apprezzato l'attenzione ai dettagli. Parcheggio difficile da trovare.",Housekeeping,pos
231,Delusione totale,"Servizio di pulizia regolare, senza particolari note.",Housekeeping,neu
232,Problemi al check-in,"Servizio di pulizia regolare, senza particolari note.",Housekeeping,neu
233,Staff professionale,"Mi hanno seguito passo passo, risultato finale soddisfacente.",Reception,pos
234,Un disastro,"Mi hanno trattato male, esperienza davvero spiacevole.",Reception,neg
235,Torneremo sicuramente,"Personale cordiale e attento, servizio davvero di qualità.",Reception,neg
236,Delusione totale,"Mi hanno trattato con indifferenza, molto deluso dal risultato.",Housekeeping,neg
237,Un disastro,"Mi hanno trattato male, esperienza davvero spiacevole.",Reception,neg
238,Servizio eccellente!,Tutto ok nel complesso. Niente di eccezionale ma nemmeno problemi particolari.,Reception,neu
239,Un disastro,"Soggiorno normale. Struttura adeguata, servizi nella media.",Housekeeping,neu
240,Staff professionale,"Servizio veloce e staff sempre disponibile, esperienza piacevole.",F&B,pos
241,Torneremo sicuramente,"Personale molto cortese, mi hanno servito con grande attenzione.",Reception,pos
242,Colazione da dimenticare,"Organizzazione scarsa, tutto gestito male e con poca cura. L'arredamento è datato.",F&B,neg
243,Delusione totale,"Pasti nella media, nulla di eccezionale o negativo. I prezzi sono nella media.",F&B,neu
244,Un disastro,"Pulizia sufficiente, come ci si aspetta.",Housekeeping,neu
245,Camera impeccabile,"Soggiorno nella norma. Tutto funziona come dovrebbe, senza particolari sorprese.",Housekeeping,neg
246,Camera impeccabile,"Mi hanno consigliato bene, qualità ottima e prezzi giusti.",F&B,pos
247,Un disastro,"Personale poco disponibile, servizio davvero scadente complessivamente.",F&B,neg
248,Delusione totale,"Organizzazione pessima, tutto gestito con superficialità evidente.",Reception,pos
249,Colazione da dimenticare,"Personale scortese e poco professionale, sono rimasto deluso.",Reception,neg
250,Colazione da dimenticare,"Mi hanno trattato con indifferenza, molto deluso dal risultato.",Housekeeping,neg
251,Un disastro,"Personale poco attento, mi hanno servito con superficialità.",Housekeeping,neg
252,Camera impeccabile,"Esperienza negativa, tutto gestito male e il personale sembra indifferente.",Reception,neg
253,Colazione da dimenticare,"Camera in ordine, tutto funzionale.",Housekeeping,neu
254,Torneremo sicuramente,"Esperienza negativa, tutto gestito male e il personale sembra indifferente.",F&B,neg
255,Delusione totale,"Soggiorno normale. Struttura adeguata, servizi nella media.",F&B,neu
256,Delusione totale,"Colazione standard, varietà sufficiente.",F&B,neu
257,Delusione totale,"Personale poco attento, mi hanno servito con superficialità.",F&B,neg
258,Delusione totale,"Servizio lento e staff disorganizzato, esperienza deludente. Vista mare molto bella.",F&B,neg
259,Camera impeccabile,"Servizio veloce e staff sempre disponibile, esperienza piacevole.",F&B,pos
260,Problemi al check-in,"Personale corretto, servizio nella norma.",Reception,neg
261,Staff professionale,"Tutto ok, esperienza nella media senza particolari problemi. La posizione è centrale.",Housekeeping,pos
262,Colazione da dimenticare,Tutto ok nel complesso. Niente di eccezionale ma nemmeno problemi particolari.,Housekeeping,neu
263,Servizio eccellente!,"Mi hanno assistito con professionalità, sono rimasto molto contento.",Reception,neg
264,Un disastro,"Personale disponibile quando necessario, nella media.",Reception,neu
265,Staff professionale,"Esperienza negativa, tutto gestito male e il personale sembra indifferente.",Housekeeping,neg
266,Un disastro,"Personale disponibile quando necessario, nella media. La posizione è centrale.",Reception,neu
267,Delusione totale,"Colazione standard, varietà sufficiente.",F&B,neg
268,Staff professionale,"Mi hanno consigliato bene, qualità ottima e prezzi giusti.",F&B,pos
269,Un disastro,"Esperienza negativa, tutto gestito male e il personale sembra indifferente.",Reception,neg
270,Servizio eccellente!,Esperienza standard. Servizio regolare e prezzi in linea con la categoria.,Reception,neu
271,Servizio eccellente!,"Esperienza piacevole, tutto funziona bene e il personale è sempre disponibile.",F&B,pos
272,Colazione da dimenticare,"Stanza pulita, servizio nella norma.",Housekeeping,neu
273,Torneremo sicuramente,"Servizio veloce ed efficiente, tutto risolto senza problemi.",Reception,pos
274,Un disastro,"Servizio standard, tutto ok.",Reception,neu
275,Colazione da dimenticare,"Mi hanno trattato male, esperienza davvero spiacevole.",Reception,pos
276,Colazione da dimenticare,"Camera ordinata, standard normale. Il Wi-Fi era lento.",Housekeeping,neu
277,Colazione da dimenticare,"Standard di pulizia accettabile, nella media.",Housekeeping,neg
278,Colazione da dimenticare,"Servizio lento e disorganizzato, nessuno sapeva cosa fare. Buona la piscina.",F&B,neg
279,Colazione da dimenticare,"Ristorante nella norma, prezzi in linea.",F&B,neu
280,Torneremo sicuramente,"Molto soddisfatto del soggiorno. Staff competente, tutto organizzato bene e servizio di qualità.",F&B,pos
281,Delusione totale,"Esperienza accettabile. Qualche aspetto positivo, qualche aspetto migliorabile.",Housekeeping,neu
282,Delusione totale,"Colazione decente, tutto sommato ok.",F&B,neu
283,Delusione totale,"Standard di pulizia accettabile, nella media.",Housekeeping,neu
284,Staff professionale,"Staff preparato e gentile, tutto servito con grande cura.",F&B,pos
285,Delusione totale,"Esperienza accettabile. Qualche aspetto positivo, qualche aspetto migliorabile.",Reception,neg
286,Un disastro,"Stanza pulita, servizio nella norma.",Housekeeping,neu
287,Servizio eccellente!,"Mi hanno seguito con attenzione, risultato finale eccellente.",F&B,neg
288,Staff professionale,"Personale gentile e competente, hanno gestito tutto perfettamente. Buona la piscina.",Housekeeping,pos
289,Delusione totale,"Pasti nella media, nulla di eccezionale o negativo.",F&B,neg
290,Delusione totale,"Esperienza negativa, non tornerò più in questo posto.",Housekeeping,pos
291,Problemi al check-in,"Check-in regolare, senza particolari problemi.",Reception,neu
292,Delusione totale,"Poca professionalità dimostrata, standard davvero bassi.",Housekeeping,neg
293,Staff professionale,Esperienza al di sotto delle aspettative. Personale poco disponibile e organizzazione scarsa.,Reception,neg
294,Un disastro,"Molto soddisfatto del soggiorno. Staff competente, tutto organizzato bene e servizio di qualità.",Reception,neg
295,Servizio eccellente!,"Consiglio questo posto. Servizio efficiente, staff preparato e prezzi onesti.",Reception,pos
296,Staff professionale,"Camera pulitissima e profumata, ottimo lavoro.",Housekeeping,neg
297,Un disastro,Esperienza complessivamente positiva. Il personale è stato gentile e disponibile in ogni situazione.,Housekeeping,pos
298,Camera impeccabile,"Ottima organizzazione, tutto funziona come dovrebbe funzionare.",Housekeeping,neg
299,Camera impeccabile,"Staff preparato e disponibile, esperienza molto positiva.",Reception,pos
300,Problemi al check-in,"Camera pulita, niente di particolare da segnalare.",Housekeeping,neu
301,Un disastro,"Personale poco disponibile, servizio davvero scadente complessivamente.",F&B,neg
302,Delusione totale,Esperienza standard. Servizio regolare e prezzi in linea con la categoria.,F&B,neu
303,Colazione da dimenticare,"Non lo consiglio. Servizio scadente, staff poco preparato e prezzi troppo alti.",Reception,neg
304,Colazione da dimenticare,"Servizio lento, non sono riusciti a risolvere il problema.",Housekeeping,neg
305,Un disastro,"Ho dovuto aspettare molto tempo, nessuno si è scusato. Parcheggio difficile da trovare.",Housekeeping,neg
306,Delusione totale,"Mi hanno ignorato completamente, servizio davvero scadente.",Reception,neg
307,Torneremo sicuramente,"Organizzazione perfetta, hanno gestito tutto con professionalità. I prezzi sono nella media.",F&B,pos
308,Staff professionale,"Personale molto cortese, mi hanno servito con grande attenzione.",F&B,neg
309,Torneremo sicuramente,Esperienza complessivamente positiva. Il personale è stato gentile e disponibile in ogni situazione.,Reception,pos
310,Torneremo sicuramente,"Ottima organizzazione, tutto funziona come dovrebbe funzionare.",Housekeeping,neg
311,Delusione totale,"Servizio lento e staff disorganizzato, esperienza deludente.",F&B,neg
312,Delusione totale,"Esperienza negativa, staff indifferente ai miei problemi.",F&B,neg
313,Colazione da dimenticare,"Check-out veloce, nulla da segnalare.",Reception,neu
314,Colazione da dimenticare,"Esperienza accettabile. Qualche aspetto positivo, qualche aspetto migliorabile.",Reception,neu
315,Un disastro,"Esperienza negativa, staff indifferente ai clienti. Buona la piscina.",F&B,neg
316,Servizio eccellente!,Esperienza complessivamente positiva. Il personale è stato gentile e disponibile in ogni situazione.,Housekeeping,pos
317,Delusione totale,"Servizio standard, tutto ok.",Reception,neu
318,Un disastro,"Pasti nella media, nulla di eccezionale o negativo.",F&B,neu
319,Prezzo e qualità non si incontrano,Esperienza standard. Servizio regolare e prezzi in linea con la categoria.,Housekeeping,neu
320,Problemi al check-in,"Personale scortese e poco professionale, sono rimasto deluso.",Reception,neg
321,Delusione totale,"Staff impreparato, non sapevano consigliarmi adeguatamente.",F&B,pos
322,Colazione da dimenticare,"Non lo consiglio. Servizio scadente, staff poco preparato e prezzi troppo alti.",Reception,neg
323,Camera impeccabile,"Mi hanno seguito passo passo, risultato finale soddisfacente. L'arredamento è datato.",Reception,pos
324,Delusione totale,"Non sono rimasto soddisfatto. Staff disorganizzato, servizio lento e poca attenzione ai dettagli.",Housekeeping,neg
325,Delusione totale,"Accoglienza normale, come da aspettative.",Reception,neu
326,Delusione totale,"Servizio lento e disorganizzato, nessuno sapeva cosa fare. Vista mare molto bella.",Reception,neg
327,Prezzo e qualità non si incontrano,"Non lo consiglio. Servizio scadente, staff poco preparato e prezzi troppo alti.",Housekeeping,neg
328,Servizio eccellente!,"Personale gentile e competente, hanno gestito tutto perfettamente.",Reception,pos
329,Colazione da dimenticare,"Bella esperienza, personale cordiale e attento. Tutto gestito con professionalità.",Housekeeping,neg
330,Problemi al check-in,"Check-in regolare, senza particolari problemi.",Reception,neu
331,Staff professionale,"Bella esperienza, personale cordiale e attento. Tutto gestito con professionalità.",F&B,pos
332,Camera impeccabile,"Non lo consiglio. Servizio scadente, staff poco preparato e prezzi troppo alti.",Reception,neg
333,Delusione totale,"Soggiorno nella norma. Tutto funziona come dovrebbe, senza particolari sorprese.",F&B,neu
334,Staff professionale,"Ottima organizzazione, tutto funziona come dovrebbe funzionare.",Housekeeping,pos
335,Delusione totale,"Mi hanno trattato con superficialità, sono rimasto molto deluso.",F&B,neg
336,Prezzo e qualità non si incontrano,"Non sono rimasto soddisfatto. Staff disorganizzato, servizio lento e poca attenzione ai dettagli.",Reception,neg
337,Delusione totale,"Personale disponibile quando necessario, nella media.",Reception,neu
338,Problemi al check-in,"Servizio adeguato, senza particolari note.",Reception,neu
339,Torneremo sicuramente,"Staff preparato e disponibile, esperienza molto positiva. Parcheggio difficile da trovare.",Reception,pos
340,Delusione totale,"Mi hanno trattato con superficialità, sono rimasto molto deluso.",F&B,pos
341,Problemi al check-in,"Standard di pulizia accettabile, nella media.",Housekeeping,neu
342,Un disastro,"Staff scortese, mi hanno fatto sentire a disagio.",Housekeeping,neg
343,Un disastro,"Camera ordinata, standard normale.",F&B,neu
344,Delusione totale,"Pulizia adeguata, niente da eccepire.",Housekeeping,neg
345,Camera impeccabile,"Esperienza accettabile. Qualche aspetto positivo, qualche aspetto migliorabile.",F&B,neu
346,Torneremo sicuramente,"Camera pulitissima e profumata, ottimo lavoro. Struttura un po' rumorosa.",Housekeeping,neg
347,Problemi al check-in,Esperienza complessivamente positiva. Il personale è stato gentile e disponibile in ogni situazione.,F&B,pos
348,Colazione da dimenticare,"Cibo discreto, servizio standard.",F&B,neu
349,Torneremo sicuramente,Esperienza al di sotto delle aspettative. Personale poco disponibile e organizzazione scarsa.,Housekeeping,pos
350,Torneremo sicuramente,"Esperienza standard, quello che ci si aspetta normalmente.",F&B,pos
351,Staff professionale,"Bella esperienza, personale cordiale e attento. Tutto gestito con professionalità.",Housekeeping,pos
352,Camera impeccabile,"Personale molto gentile, mi hanno aiutato con grande cortesia. Lo staff era giovane e inesperto.",Reception,pos
353,Camera impeccabile,"Personale gentile e competente, hanno gestito tutto perfettamente. Buona la piscina.",Housekeeping,pos
354,Un disastro,"Cibo nella media, prezzi normali per la categoria. Struttura un po' rumorosa.",F&B,neg
355,Colazione da dimenticare,Esperienza deludente nel complesso. Il personale sembra poco motivato e il servizio è carente.,F&B,pos
356,Colazione da dimenticare,"Personale scortese e poco professionale, sono rimasto deluso. Vista mare molto bella.",F&B,neg
357,Colazione da dimenticare,"Reception funzionale, tempi di attesa accettabili.",Reception,neg
358,Problemi al check-in,"Organizzazione scarsa, tutto gestito male e con poca cura. Lo staff era giovane e inesperto.",F&B,neg
359,Servizio eccellente!,Esperienza complessivamente positiva. Il personale è stato gentile e disponibile in ogni situazione.,F&B,pos
360,Colazione da dimenticare,"Organizzazione pessima, tutto gestito con superficialità evidente.",Reception,pos
361,Colazione da dimenticare,"Personale poco gentile, mi hanno fatto aspettare inutilmente.",F&B,neg
362,Servizio eccellente!,Esperienza al di sotto delle aspettative. Personale poco disponibile e organizzazione scarsa.,Reception,neg
363,Colazione da dimenticare,"Reception funzionale, tempi di attesa accettabili.",Reception,neg
364,Problemi al check-in,"Cibo nella media, prezzi normali per la categoria.",F&B,neu
365,Delusione totale,"Reception funzionale, tempi di attesa accettabili. Struttura un po' rumorosa.",Reception,neu
366,Delusione totale,"Soggiorno normale. Struttura adeguata, servizi nella media.",F&B,neu
367,Problemi al check-in,"Soggiorno normale. Struttura adeguata, servizi nella media.",Reception,neu
368,Prezzo e qualità non si incontrano,"Bella esperienza, personale cordiale e attento. Tutto gestito con professionalità.",F&B,pos
369,Colazione da dimenticare,"Personale poco disponibile, servizio davvero scadente complessivamente.",F&B,neg
370,Delusione totale,"Personale corretto, servizio nella norma.",Reception,neu
371,Un disastro,"Staff impreparato, non sono riusciti a darmi informazioni. Buona la piscina.",Reception,neg
372,Delusione totale,"Esperienza piacevole, tutto funziona bene e il personale è sempre disponibile.",Reception,pos
373,Servizio eccellente!,"Staff molto cortese, ho apprezzato l'attenzione ai dettagli.",Housekeeping,pos
374,Un disastro,"Personale scortese e poco professionale, sono rimasto deluso.",Reception,neg
375,Problemi al check-in,"Esperienza piacevole, tutto funziona bene e il personale è sempre disponibile.",Reception,pos
376,Staff professionale,"Molto soddisfatto del soggiorno. Staff competente, tutto organizzato bene e servizio di qualità.",F&B,pos
377,Colazione da dimenticare,"Servizio standard, tutto ok.",Reception,neu
378,Delusione totale,"Pulizia adeguata, niente da eccepire.",Reception,neu
379,Un disastro,"Servizio lento, non sono riusciti a risolvere il problema.",Housekeeping,neg
380,Servizio eccellente!,"Consiglio questo posto. Servizio efficiente, staff preparato e prezzi onesti.",Housekeeping,neg
381,Problemi al check-in,"Qualità accettabile, scelta adeguata.",F&B,neg
382,Un disastro,"Consiglio questo posto. Servizio efficiente, staff preparato e prezzi onesti.",Housekeeping,pos
383,Problemi al check-in,"Ho dovuto aspettare molto tempo, nessuno si è scusato.",Housekeeping,neg
384,Servizio eccellente!,"Esperienza negativa, tutto gestito male e il personale sembra indifferente.",Reception,neg
385,Torneremo sicuramente,"Mi hanno seguito con cura, risultato finale eccellente.",Housekeeping,pos
386,Un disastro,"Accoglienza normale, come da aspettative.",Reception,neg
387,Un disastro,"Esperienza negativa, staff indifferente ai clienti. I prezzi sono nella media.",F&B,pos
388,Torneremo sicuramente,Esperienza al di sotto delle aspettative. Personale poco disponibile e organizzazione scarsa.,Housekeeping,pos
389,Camera impeccabile,"Molto soddisfatto del soggiorno. Staff competente, tutto organizzato bene e servizio di qualità.",F&B,neg
390,Colazione da dimenticare,"Servizio regolare, niente di particolare. Buona la piscina.",F&B,neu
391,Un disastro,"Organizzazione scarsa, tutto gestito male e con superficialità.",Housekeeping,neg
392,Torneremo sicuramente,"Bella esperienza, personale cordiale e attento. Tutto gestito con professionalità.",F&B,neg
393,Torneremo sicuramente,Tutto ok nel complesso. Niente di eccezionale ma nemmeno problemi particolari.,Reception,neu
394,Colazione da dimenticare,"Personale scortese e poco professionale, sono rimasto deluso.",Reception,neg
395,Staff professionale,"Camera pulitissima e profumata, ottimo lavoro.",Housekeeping,pos
396,Prezzo e qualità non si incontrano,"Consiglio questo posto. Servizio efficiente, staff preparato e prezzi onesti.",F&B,pos
397,Colazione da dimenticare,"Servizio lento, non sono riusciti a risolvere il problema.",Housekeeping,neg
398,Problemi al check-in,"Personale poco disponibile, servizio davvero scadente complessivamente.",F&B,neg
399,Camera impeccabile,"Soggiorno normale. Struttura adeguata, servizi nella media.",Reception,neu
400,Torneremo sicuramente,"Mi hanno assistito con professionalità, sono rimasto molto contento. Buona la piscina.",Reception,neg
401,Torneremo sicuramente,"Personale attento ai dettagli, servizio davvero di livello. I prezzi sono nella media.",F&B,neg
402,Colazione da dimenticare,"Ristorante nella norma, prezzi in linea. Lo staff era giovane e inesperto.",F&B,neu
403,Delusione totale,"Servizio di pulizia regolare, senza particolari note. I prezzi sono nella media.",Housekeeping,neu
404,Servizio eccellente!,"Bella esperienza, personale cordiale e attento. Tutto gestito con professionalità.",F&B,pos
405,Un disastro,"Pasti nella media, nulla di eccezionale o negativo.",Housekeeping,neu
406,Problemi al check-in,"Molto soddisfatto del soggiorno. Staff competente, tutto organizzato bene e servizio di qualità.",F&B,neg
407,Un disastro,"Organizzazione pessima, tutto gestito con superficialità evidente.",Reception,neg
408,Delusione totale,"Organizzazione scarsa, tutto gestito male e con superficialità.",Housekeeping,pos
409,Problemi al check-in,"Esperienza negativa, tutto gestito male e il personale sembra indifferente.",F&B,pos
410,Prezzo e qualità non si incontrano,"Non sono rimasto soddisfatto. Staff disorganizzato, servizio lento e poca attenzione ai dettagli.",Housekeeping,neg
411,Problemi al check-in,"Bella esperienza, personale cordiale e attento. Tutto gestito con professionalità.",Reception,neg
412,Staff professionale,"Staff preparato e disponibile, esperienza molto positiva. Buona la piscina.",Reception,neg
413,Problemi al check-in,"Soggiorno nella norma. Tutto funziona come dovrebbe, senza particolari sorprese.",F&B,neu
414,Staff professionale,"Mi hanno assistito con professionalità, sono rimasto molto contento.",Reception,neg
415,Problemi al check-in,Esperienza complessivamente positiva. Il personale è stato gentile e disponibile in ogni situazione.,Reception,pos
416,Delusione totale,"Esperienza negativa, non tornerò più in questo posto.",Housekeeping,neg
417,Staff professionale,"Camera pulitissima e profumata, ottimo lavoro.",Housekeeping,pos
418,Staff professionale,"Bella esperienza, personale cordiale e attento. Tutto gestito con professionalità.",F&B,pos
419,Delusione totale,"Mi hanno ignorato completamente, servizio davvero scadente.",Reception,neg
420,Un disastro,"Check-in regolare, senza particolari problemi. Vista mare molto bella.",Reception,neu
421,Prezzo e qualità non si incontrano,"Consiglio questo posto. Servizio efficiente, staff preparato e prezzi onesti.",Housekeeping,pos
422,Servizio eccellente!,"Servizio veloce e staff sempre disponibile, esperienza piacevole.",F&B,pos
423,Torneremo sicuramente,"Servizio veloce ed efficiente, tutto risolto senza problemi.",Reception,pos
424,Un disastro,"Check-out veloce, nulla da segnalare.",Reception,neu
425,Prezzo e qualità non si incontrano,"Bella esperienza, personale cordiale e attento. Tutto gestito con professionalità.",Reception,neg
426,Problemi al check-in,"Personale poco attento, mi hanno servito con superficialità. Struttura un po' rumorosa.",F&B,neg
427,Un disastro,"Servizio adeguato, senza particolari note.",Reception,neu
428,Prezzo e qualità non si incontrano,Esperienza standard. Servizio regolare e prezzi in linea con la categoria.,F&B,neu
429,Staff professionale,"Servizio veloce e staff sempre disponibile, esperienza piacevole.",F&B,pos
430,Colazione da dimenticare,"Accoglienza normale, come da aspettative.",Reception,neg
431,Staff professionale,"Staff preparato e gentile, tutto servito con grande cura.",F&B,neg
432,Servizio eccellente!,"Soggiorno nella norma. Tutto funziona come dovrebbe, senza particolari sorprese.",Housekeeping,neu
433,Staff professionale,Esperienza standard. Servizio regolare e prezzi in linea con la categoria.,Reception,neu
434,Servizio eccellente!,"Servizio veloce ed efficiente, tutto risolto senza problemi. Lo staff era giovane e inesperto.",Reception,pos
435,Colazione da dimenticare,"Esperienza negativa, staff indifferente ai clienti.",F&B,neg
436,Problemi al check-in,"Ho dovuto aspettare molto tempo, nessuno si è scusato.",Housekeeping,neg
437,Un disastro,"Staff impreparato, non sapevano consigliarmi adeguatamente. Vista mare molto bella.",F&B,pos
438,Un disastro,"Non lo consiglio. Servizio scadente, staff poco preparato e prezzi troppo alti.",Reception,neg
439,Prezzo e qualità non si incontrano,"Esperienza piacevole, tutto funziona bene e il personale è sempre disponibile.",F&B,pos
440,Problemi al check-in,"Personale poco gentile, mi hanno fatto aspettare inutilmente.",Reception,pos
441,Un disastro,"Camera in ordine, tutto funzionale. Buona la piscina.",Housekeeping,neu
442,Colazione da dimenticare,Tutto ok nel complesso. Niente di eccezionale ma nemmeno problemi particolari.,F&B,neu
443,Staff professionale,"Personale gentile e competente, hanno gestito tutto perfettamente.",Housekeeping,pos
444,Servizio eccellente!,Esperienza complessivamente positiva. Il personale è stato gentile e disponibile in ogni situazione.,Reception,neg
445,Colazione da dimenticare,"Personale poco disponibile, esperienza frustrante complessivamente.",Housekeeping,neg
446,Delusione totale,Esperienza standard. Servizio regolare e prezzi in linea con la categoria.,Housekeeping,neg
447,Colazione da dimenticare,"Reception funzionale, tempi di attesa accettabili.",Reception,neu
448,Camera impeccabile,"Va bene così, niente di eccezionale ma nemmeno male.",F&B,pos
449,Colazione da dimenticare,"Qualità accettabile, scelta adeguata.",F&B,neu
450,Delusione totale,"Servizio di pulizia regolare, senza particolari note. L'arredamento è datato.",Housekeeping,neu
